Player,Team,SO,BB,WHIP,W,L,IP,ERA
Logan Gilbert,SEA,220.0,37.0,0.887,9.0,12.0,208.2,3.23
Seth Lugo,KCR,181.0,48.0,1.089,16.0,9.0,206.2,3.0
Logan Webb,SFG,172.0,50.0,1.231,13.0,10.0,204.2,3.47
Zack Wheeler,PHI,224.0,52.0,0.955,16.0,7.0,200.0,2.57
Aaron Nola,PHI,197.0,50.0,1.199,14.0,8.0,199.1,3.57
Corbin Burnes,BAL,181.0,48.0,1.096,15.0,9.0,194.1,2.92
José Berríos,TOR,153.0,54.0,1.154,16.0,11.0,192.1,3.6
Tarik Skubal*,DET,228.0,35.0,0.922,18.0,4.0,192.0,2.39
George Kirby,SEA,179.0,23.0,1.068,14.0,11.0,191.0,3.53
Dylan Cease,SDP,224.0,65.0,1.067,14.0,11.0,189.1,3.47
Jake Irvin,WSN,156.0,52.0,1.199,10.0,14.0,187.2,4.41
Cole Ragans*,KCR,223.0,67.0,1.143,11.0,9.0,186.1,3.14
Pablo López,MIN,198.0,41.0,1.192,15.0,10.0,185.1,4.08
Kutter Crawford,BOS,175.0,51.0,1.122,9.0,16.0,183.2,4.36
Luis Severino,NYM,161.0,60.0,1.242,11.0,7.0,182.0,3.91
Sean Manaea*,NYM,184.0,63.0,1.084,12.0,6.0,181.2,3.47
Brandon Pfaadt,ARI,185.0,42.0,1.239,11.0,10.0,181.2,4.71
Cristopher Sánchez*,PHI,153.0,44.0,1.244,11.0,9.0,181.2,3.32
Kevin Gausman,TOR,162.0,56.0,1.221,14.0,11.0,181.0,3.83
JP Sears*,OAK,137.0,49.0,1.223,11.0,13.0,180.2,4.38
Bryce Miller,SEA,171.0,45.0,0.976,12.0,8.0,180.1,2.94
Brady Singer,KCR,170.0,54.0,1.275,9.0,13.0,179.2,3.71
Tyler Anderson*,LAA,142.0,73.0,1.288,10.0,15.0,179.1,3.81
Tanner Houck,BOS,154.0,48.0,1.142,9.0,10.0,178.2,3.12
Bailey Ober,MIN,191.0,43.0,1.002,12.0,9.0,178.2,3.98
Mitch Keller,PIT,166.0,50.0,1.303,11.0,12.0,178.0,4.25
Chris Sale*,ATL,225.0,39.0,1.013,18.0,3.0,177.2,2.38
Erick Fedde,CHW,108.0,34.0,1.142,7.0,4.0,121.2,3.11
Erick Fedde,STL,46.0,18.0,1.204,2.0,5.0,55.2,3.72
Framber Valdez*,HOU,169.0,55.0,1.106,15.0,7.0,176.1,2.91
Yusei Kikuchi*,TOR,130.0,30.0,1.34,4.0,9.0,115.2,4.75
Yusei Kikuchi*,HOU,76.0,14.0,0.933,5.0,1.0,60.0,2.7
Luis Castillo,SEA,175.0,47.0,1.169,11.0,12.0,175.1,3.64
Carlos Rodón*,NYY,195.0,57.0,1.223,16.0,9.0,175.0,3.96
Patrick Corbin*,WSN,139.0,54.0,1.5,6.0,13.0,174.2,5.62
Nestor Cortes*,NYY,162.0,39.0,1.153,9.0,10.0,174.1,3.77
Max Fried*,ATL,166.0,57.0,1.164,11.0,10.0,174.1,3.25
Tanner Bibee,CLE,187.0,44.0,1.117,12.0,8.0,173.2,3.47
Michael King,SDP,201.0,63.0,1.192,13.0,9.0,173.2,2.95
Freddy Peralta,MIL,200.0,68.0,1.215,11.0,9.0,173.2,3.68
Shota Imanaga*,CHC,174.0,28.0,1.021,15.0,3.0,173.1,2.91
Griffin Canning,LAA,130.0,66.0,1.398,6.0,13.0,171.2,5.19
Miles Mikolas,STL,122.0,25.0,1.276,10.0,11.0,171.2,5.35
Chris Bassitt,TOR,168.0,70.0,1.462,10.0,14.0,171.0,4.16
Nathan Eovaldi,TEX,166.0,42.0,1.107,12.0,8.0,170.2,3.8
Jose Quintana*,NYM,135.0,63.0,1.25,10.0,10.0,170.1,3.75
Hunter Brown,HOU,179.0,60.0,1.271,11.0,9.0,170.0,3.49
Kyle Gibson,STL,151.0,68.0,1.35,8.0,8.0,169.2,4.24
Colin Rea,MIL,135.0,43.0,1.264,12.0,6.0,167.2,4.29
Ronel Blanco,HOU,166.0,68.0,1.088,13.0,6.0,167.1,2.8
Michael Wacha,KCR,145.0,45.0,1.194,13.0,8.0,166.2,3.35
MacKenzie Gore*,WSN,181.0,65.0,1.419,10.0,12.0,166.1,3.9
Sonny Gray,STL,203.0,39.0,1.088,13.0,9.0,166.1,3.84
Charlie Morton,ATL,167.0,65.0,1.325,8.0,10.0,165.1,4.19
Jameson Taillon,CHC,125.0,33.0,1.131,12.0,8.0,165.1,3.27
Zach Eflin,TBR,87.0,13.0,1.164,5.0,7.0,110.0,4.09
Zach Eflin,BAL,47.0,11.0,1.12,5.0,2.0,55.1,2.6
Austin Gomber*,COL,116.0,38.0,1.309,5.0,12.0,165.0,4.75
Brayan Bello,BOS,153.0,64.0,1.361,14.0,8.0,162.1,4.49
Ryan Feltner,COL,138.0,52.0,1.337,3.0,10.0,162.1,4.49
Jack Flaherty,DET,133.0,19.0,0.956,7.0,5.0,106.2,2.95
Jack Flaherty,LAD,61.0,19.0,1.283,6.0,2.0,55.1,3.58
Aaron Civale,TBR,84.0,27.0,1.379,2.0,6.0,87.0,5.07
Aaron Civale,MIL,65.0,25.0,1.216,6.0,3.0,74.0,3.53
Chris Flexen,CHW,123.0,63.0,1.519,3.0,15.0,160.0,4.95
Andrew Heaney*,TEX,159.0,41.0,1.25,5.0,14.0,160.0,4.28
Zack Littell,TBR,141.0,31.0,1.247,8.0,10.0,156.1,3.63
Marcus Stroman,NYY,113.0,60.0,1.468,10.0,9.0,154.2,4.31
Luis Gil,NYY,171.0,77.0,1.193,15.0,7.0,151.2,3.5
Mitch Spence,OAK,126.0,44.0,1.381,8.0,10.0,151.1,4.58
Ben Lively,CLE,118.0,49.0,1.245,13.0,10.0,151.0,3.81
Mitchell Parker*,WSN,133.0,43.0,1.305,7.0,10.0,151.0,4.29
Ryne Nelson,ARI,126.0,34.0,1.254,10.0,6.0,150.2,4.24
Ranger Suárez*,PHI,145.0,41.0,1.201,12.0,8.0,150.2,3.46
Frankie Montas,CIN,78.0,41.0,1.436,4.0,8.0,93.1,5.01
Frankie Montas,MIL,70.0,25.0,1.256,3.0,3.0,57.1,4.55
Hunter Greene,CIN,169.0,57.0,1.018,9.0,5.0,150.1,2.75
Cal Quantrill,COL,110.0,69.0,1.517,8.0,11.0,148.1,4.98
Zac Gallen,ARI,156.0,54.0,1.264,14.0,6.0,148.0,3.65
Javier Assad,CHC,124.0,63.0,1.401,7.0,6.0,147.0,3.73
Matt Waldron,SDP,133.0,40.0,1.261,7.0,11.0,146.2,4.91
Garrett Crochet*,CHW,209.0,33.0,1.068,6.0,12.0,146.0,3.58
Nick Pivetta,BOS,172.0,36.0,1.126,6.0,12.0,145.2,4.14
Spencer Arrighetti,HOU,171.0,65.0,1.407,7.0,13.0,145.0,4.53
Bailey Falter*,PIT,97.0,45.0,1.286,8.0,9.0,142.1,4.43
Nick Martinez,CIN,116.0,18.0,1.026,10.0,7.0,142.1,3.1
Gavin Stone,LAD,116.0,37.0,1.211,11.0,5.0,140.1,3.53
Andrew Abbott*,CIN,114.0,52.0,1.297,10.0,10.0,138.0,3.72
Taj Bradley,TBR,154.0,47.0,1.225,8.0,11.0,138.0,4.11
Tobias Myers,MIL,127.0,36.0,1.174,9.0,6.0,138.0,3.0
Reynaldo López,ATL,148.0,42.0,1.106,8.0,5.0,135.2,1.99
Luis Ortiz,PIT,107.0,42.0,1.113,7.0,6.0,135.2,3.32
Joe Ryan,MIN,147.0,23.0,0.985,7.0,7.0,135.0,3.6
Martín Pérez*,PIT,63.0,32.0,1.651,2.0,5.0,83.0,5.2
Martín Pérez*,SDP,44.0,17.0,1.212,3.0,1.0,52.0,3.46
Justin Steele*,CHC,135.0,37.0,1.099,5.0,5.0,134.2,3.07
Tyler Glasnow,LAD,168.0,35.0,0.948,9.0,6.0,134.0,3.49
Albert Suárez,BAL,108.0,43.0,1.294,9.0,7.0,133.2,3.7
Simeon Woods Richardson,MIN,117.0,48.0,1.294,5.0,5.0,133.2,4.17
Paul Skenes,PIT,170.0,32.0,0.947,11.0,3.0,133.0,1.96
Kyle Hendricks,CHC,87.0,43.0,1.454,4.0,12.0,130.2,5.92
Michael Lorenzen,TEX,75.0,48.0,1.279,5.0,6.0,101.2,3.81
Michael Lorenzen,KCR,22.0,12.0,1.081,2.0,0.0,28.2,1.57
Ryan Pepiot,TBR,142.0,48.0,1.154,8.0,8.0,130.0,3.6
Dean Kremer,BAL,123.0,51.0,1.242,8.0,10.0,129.2,4.1
Alec Marsh,KCR,123.0,39.0,1.256,9.0,9.0,129.0,4.53
Joey Estes,OAK,92.0,27.0,1.23,7.0,9.0,127.2,5.01
Jonathan Cannon,CHW,91.0,40.0,1.327,5.0,10.0,124.1,4.49
Kyle Harrison*,SFG,118.0,42.0,1.343,7.0,7.0,124.1,4.56
Trevor Rogers*,MIA,85.0,46.0,1.528,2.0,9.0,105.1,4.53
Trevor Rogers*,BAL,12.0,10.0,1.842,0.0,2.0,19.0,7.11
Spencer Schwellenbach,ATL,127.0,23.0,1.043,8.0,7.0,123.2,3.35
Jared Jones,PIT,132.0,39.0,1.192,6.0,8.0,121.2,4.14
Andre Pallante,STL,94.0,48.0,1.302,8.0,8.0,121.1,3.78
Bryan Woo,SEA,101.0,13.0,0.898,9.0,3.0,121.1,2.89
David Peterson*,NYM,101.0,46.0,1.289,10.0,3.0,121.0,2.9
Lance Lynn,STL,109.0,44.0,1.338,7.0,4.0,117.1,3.84
Jordan Montgomery*,ARI,83.0,44.0,1.65,8.0,7.0,117.0,6.23
Grayson Rodriguez,BAL,130.0,36.0,1.243,13.0,4.0,116.2,3.86
Nick Lodolo*,CIN,122.0,37.0,1.197,9.0,6.0,115.1,4.76
Kyle Freeland*,COL,85.0,26.0,1.412,5.0,8.0,113.1,5.24
José Soriano,LAA,97.0,45.0,1.204,6.0,7.0,113.0,3.42
Kenta Maeda,DET,96.0,31.0,1.38,3.0,7.0,112.1,6.09
Reese Olson,DET,101.0,33.0,1.184,4.0,8.0,112.1,3.53
Cole Irvin*,BAL,76.0,25.0,1.407,6.0,5.0,107.1,4.86
Cole Irvin*,MIN,2.0,4.0,2.727,0.0,1.0,3.2,12.27
Jordan Hicks,SFG,96.0,47.0,1.45,4.0,7.0,109.2,4.1
José Ureña,TEX,70.0,39.0,1.321,5.0,8.0,109.0,3.8
Tyler Alexander*,TBR,90.0,24.0,1.245,6.0,5.0,107.2,5.1
Bryse Wilson,MIL,82.0,31.0,1.271,5.0,4.0,104.2,4.04
Blake Snell*,SFG,145.0,44.0,1.048,5.0,3.0,104.0,3.12
Carlos Carrasco,CLE,89.0,33.0,1.399,3.0,10.0,103.2,5.64
Bowden Francis,TOR,92.0,22.0,0.926,8.0,5.0,103.2,3.3
Jon Gray,TEX,86.0,28.0,1.315,5.0,6.0,102.2,4.47
Casey Mize,DET,78.0,29.0,1.466,2.0,6.0,102.1,4.49
James Paxton*,LAD,64.0,48.0,1.455,8.0,2.0,89.1,4.43
James Paxton*,BOS,9.0,2.0,1.364,1.0,1.0,11.0,4.09
Joe Musgrove,SDP,101.0,23.0,1.174,6.0,5.0,99.2,3.88
Cooper Criswell,BOS,73.0,31.0,1.349,6.0,5.0,99.1,4.08
Ryan Yarbrough*,LAD,39.0,25.0,1.144,4.0,2.0,67.1,3.74
Ryan Yarbrough*,TOR,26.0,7.0,0.798,1.0,0.0,31.1,2.01
Keider Montero,DET,77.0,31.0,1.332,6.0,6.0,98.1,4.76
Randy Vásquez,SDP,62.0,29.0,1.51,4.0,7.0,98.0,4.87
Logan Allen*,CLE,79.0,41.0,1.582,8.0,5.0,97.1,5.73
Edward Cabrera,MIA,107.0,50.0,1.37,4.0,8.0,96.1,4.95
Gerrit Cole,NYY,99.0,29.0,1.126,8.0,5.0,95.0,3.41
Dane Dunning,TEX,91.0,40.0,1.442,5.0,7.0,95.0,5.31
Tyler Holton*,DET,77.0,17.0,0.784,7.0,2.0,94.1,2.19
Carson Spiers,CIN,80.0,27.0,1.533,5.0,7.0,90.2,5.46
Justin Verlander,HOU,74.0,27.0,1.384,5.0,6.0,90.1,5.48
Derek Law,WSN,76.0,24.0,1.178,7.0,4.0,90.0,2.6
Yoshinobu Yamamoto,LAD,105.0,22.0,1.111,7.0,2.0,90.0,3.0
Dakota Hudson,COL,49.0,50.0,1.674,2.0,12.0,89.0,6.17
DJ Herz*,WSN,106.0,36.0,1.263,4.0,9.0,88.2,4.16
Chris Paddack,MIN,79.0,21.0,1.392,5.0,3.0,88.1,4.99
Reid Detmers*,LAA,109.0,38.0,1.557,4.0,9.0,87.1,6.7
Carson Fulmer,LAA,81.0,40.0,1.396,0.0,5.0,86.2,4.15
Yariel Rodríguez,TOR,85.0,40.0,1.315,1.0,8.0,86.2,4.47
Ryan Weathers*,MIA,80.0,24.0,1.177,5.0,6.0,86.2,3.63
Matthew Liberatore*,STL,76.0,28.0,1.267,3.0,4.0,86.0,4.4
Clarke Schmidt,NYY,93.0,30.0,1.184,5.0,5.0,85.1,2.85
Ross Stripling,OAK,49.0,22.0,1.535,2.0,11.0,85.1,6.01
Luke Weaver,NYY,103.0,26.0,0.929,7.0,3.0,84.0,2.89
Taijuan Walker,PHI,58.0,37.0,1.721,3.0,7.0,83.2,7.1
Roddery Muñoz,MIA,70.0,42.0,1.585,2.0,7.0,82.2,6.53
Pedro Avila,SDP,9.0,6.0,1.375,1.0,0.0,8.0,9.0
Pedro Avila,CLE,73.0,30.0,1.313,5.0,1.0,74.2,3.25
Yu Darvish,SDP,78.0,22.0,1.065,7.0,3.0,81.2,3.31
Sean Hjelle,SFG,75.0,14.0,1.215,3.0,4.0,80.2,3.9
Ryan Walker,SFG,99.0,18.0,0.85,10.0,4.0,80.0,1.91
Cade Povich*,BAL,69.0,34.0,1.431,3.0,9.0,79.2,5.2
Patrick Sandoval*,LAA,81.0,35.0,1.506,2.0,8.0,79.2,5.08
Michael Soroka,CHW,84.0,44.0,1.381,0.0,10.0,79.2,4.74
Shane Baz,TBR,69.0,27.0,1.059,4.0,3.0,79.1,3.06
Michael Tonkin,NYM,6.0,2.0,1.429,1.0,2.0,7.0,5.14
Michael Tonkin,MIN,22.0,7.0,1.531,0.0,0.0,16.1,3.86
Michael Tonkin,NYY,57.0,21.0,1.161,3.0,2.0,56.0,3.38
Keegan Akin*,BAL,97.0,19.0,0.941,3.0,1.0,78.2,3.32
Bryan Abreu,HOU,103.0,32.0,1.162,3.0,3.0,78.1,3.1
Tylor Megill,NYM,91.0,32.0,1.308,4.0,5.0,78.0,4.04
Graham Ashcraft,CIN,57.0,27.0,1.5,5.0,5.0,77.1,5.24
Slade Cecconi,ARI,64.0,17.0,1.416,2.0,7.0,77.0,6.66
Cody Bradford*,TEX,70.0,13.0,1.009,6.0,3.0,76.1,3.54
Gavin Williams,CLE,79.0,32.0,1.368,3.0,10.0,76.0,4.86
Josh Winckowski,BOS,60.0,26.0,1.408,4.0,2.0,76.0,4.14
Triston McKenzie,CLE,74.0,49.0,1.559,3.0,5.0,75.2,5.11
Walker Buehler,LAD,64.0,28.0,1.553,1.0,6.0,75.1,5.38
Cade Smith,CLE,103.0,17.0,0.903,6.0,1.0,75.1,1.91
Paul Blackburn,OAK,38.0,14.0,1.157,4.0,2.0,51.0,4.41
Paul Blackburn,NYM,21.0,7.0,1.562,1.0,2.0,24.1,5.18
Hunter Gaddis,CLE,66.0,14.0,0.763,6.0,3.0,74.2,1.57
Emmanuel Clase,CLE,66.0,10.0,0.659,4.0,2.0,74.1,0.61
José Buttó,NYM,79.0,38.0,1.068,7.0,3.0,74.0,2.55
Joe Ross,MIL,66.0,29.0,1.365,3.0,6.0,74.0,3.77
Merrill Kelly,ARI,63.0,19.0,1.167,5.0,1.0,73.2,4.03
Victor Vodnik,COL,65.0,37.0,1.48,5.0,4.0,73.2,4.28
Jason Adam,TBR,50.0,16.0,0.894,4.0,2.0,47.0,2.49
Jason Adam,SDP,31.0,7.0,0.788,3.0,0.0,26.2,1.01
Jared Shuster*,CHW,56.0,33.0,1.459,2.0,5.0,73.1,4.3
Hunter Strickland,LAA,57.0,24.0,1.091,3.0,2.0,73.1,3.31
Justin Martínez,ARI,91.0,36.0,1.307,5.0,6.0,72.2,2.48
Hogan Harris*,OAK,61.0,33.0,1.355,4.0,4.0,72.1,2.86
Trent Thornton,SEA,77.0,19.0,1.134,4.0,3.0,72.1,3.61
Tanner Banks*,CHW,55.0,15.0,1.292,2.0,2.0,48.0,4.13
Tanner Banks*,PHI,23.0,10.0,1.315,0.0,1.0,24.1,3.7
Hayden Birdsong,SFG,88.0,43.0,1.389,5.0,6.0,72.0,4.75
David Robertson,TEX,99.0,27.0,1.111,3.0,4.0,72.0,3.0
Tanner Scott*,MIA,53.0,27.0,1.007,6.0,5.0,45.2,1.18
Tanner Scott*,SDP,31.0,9.0,1.329,3.0,1.0,26.1,2.73
Dennis Santana,NYY,19.0,10.0,1.354,2.0,0.0,27.1,6.26
Dennis Santana,PIT,50.0,11.0,0.925,1.0,1.0,44.1,2.44
Ty Blach*,COL,36.0,18.0,1.696,3.0,8.0,71.1,6.94
Cole Sands,MIN,85.0,12.0,0.995,9.0,1.0,71.1,3.28
A.J. Puk*,MIA,45.0,23.0,1.341,4.0,8.0,44.0,4.3
A.J. Puk*,ARI,43.0,5.0,0.732,0.0,1.0,27.1,1.32
Buck Farmer,CIN,70.0,29.0,1.197,3.0,2.0,71.0,3.04
Josh Hader*,HOU,105.0,25.0,0.958,8.0,8.0,71.0,3.8
Griffin Jax,MIN,95.0,15.0,0.873,5.0,5.0,71.0,2.03
Kevin Kelly,TBR,63.0,9.0,0.962,5.0,2.0,70.2,2.67
Andrew Kittredge,STL,67.0,20.0,1.132,5.0,5.0,70.2,2.8
Declan Cronin,MIA,72.0,25.0,1.422,3.0,4.0,70.1,4.35
Tyler Rogers,SFG,51.0,6.0,1.038,3.0,4.0,70.1,2.82
Will Vest,DET,63.0,18.0,1.123,3.0,4.0,70.1,2.82
Kevin Ginkel,ARI,77.0,15.0,1.2,8.0,3.0,70.0,3.21
Jalen Beeks*,COL,38.0,18.0,1.358,6.0,4.0,49.1,4.74
Jalen Beeks*,PIT,17.0,9.0,1.79,1.0,0.0,20.2,3.92
Adrian Houser,NYM,45.0,32.0,1.529,1.0,5.0,69.1,5.84
Raisel Iglesias,ATL,68.0,13.0,0.736,6.0,2.0,69.1,1.95
Landon Knack,LAD,69.0,18.0,1.101,3.0,5.0,69.0,3.65
Valente Bellozo,MIA,44.0,21.0,1.311,3.0,4.0,68.2,3.67
Joe Jiménez,ATL,82.0,23.0,0.99,1.0,5.0,68.2,2.62
Tayler Scott,HOU,71.0,35.0,1.165,7.0,3.0,68.2,2.23
Dylan Floro,WSN,40.0,13.0,1.051,3.0,3.0,52.1,2.06
Dylan Floro,ARI,8.0,4.0,1.653,3.0,1.0,16.1,9.37
Grant Holmes,ATL,70.0,15.0,1.185,2.0,1.0,68.1,3.56
Roansy Contreras,PIT,16.0,8.0,1.653,1.0,0.0,16.1,4.41
Roansy Contreras,LAA,40.0,23.0,1.288,1.0,4.0,52.0,4.33
Beau Brieske,DET,69.0,30.0,1.256,4.0,5.0,67.2,3.59
Hayden Wesneski,CHC,67.0,21.0,1.138,3.0,6.0,67.2,3.86
Michael Kopech,CHW,59.0,24.0,1.351,2.0,8.0,43.2,4.74
Michael Kopech,LAD,29.0,10.0,0.792,4.0,0.0,24.0,1.13
Erik Miller*,SFG,87.0,38.0,1.307,4.0,5.0,67.1,3.88
Joey Wentz*,DET,60.0,27.0,1.572,0.0,2.0,55.1,5.37
Joey Wentz*,PIT,13.0,6.0,1.0,1.0,0.0,12.0,1.5
Tim Hill*,CHW,13.0,10.0,2.217,1.0,0.0,23.0,5.87
Tim Hill*,NYY,18.0,9.0,1.023,3.0,0.0,44.0,2.05
Jakob Junis,MIL,19.0,5.0,0.962,4.0,0.0,26.0,2.42
Jakob Junis,CIN,32.0,3.0,0.78,0.0,0.0,41.0,2.85
Fernando Cruz,CIN,109.0,35.0,1.335,3.0,8.0,66.2,4.86
Ryan Fernandez,STL,71.0,32.0,1.35,1.0,6.0,66.2,3.51
José Leclerc,TEX,89.0,32.0,1.32,6.0,5.0,66.2,4.32
Jesús Luzardo*,MIA,58.0,22.0,1.245,3.0,6.0,66.2,5.0
Trevor Williams,WSN,59.0,18.0,1.035,6.0,1.0,66.2,2.03
Shawn Armstrong,TBR,50.0,19.0,1.607,2.0,2.0,46.2,5.4
Shawn Armstrong,STL,12.0,2.0,1.026,1.0,0.0,12.2,2.84
Shawn Armstrong,CHC,4.0,4.0,1.909,0.0,1.0,7.1,4.91
Ryan Helsley,STL,79.0,23.0,1.101,7.0,4.0,66.1,2.04
Jeff Hoffman,PHI,89.0,16.0,0.965,3.0,3.0,66.1,2.17
Ryan Thompson,ARI,52.0,15.0,1.191,7.0,5.0,66.1,3.26
Alex Vesia*,LAD,87.0,33.0,0.995,5.0,4.0,66.1,1.76
Nate Pearson,TOR,51.0,17.0,1.55,0.0,1.0,40.0,5.63
Nate Pearson,CHC,23.0,4.0,0.987,2.0,1.0,26.1,2.73
Jacob Barnes,WSN,55.0,20.0,1.318,8.0,3.0,66.0,4.36
Tim Herrin*,CLE,68.0,25.0,0.975,5.0,1.0,65.2,1.92
Brent Suter*,CIN,50.0,12.0,1.142,1.0,0.0,65.2,3.15
Jack Kochanowicz,LAA,25.0,10.0,1.194,2.0,6.0,65.1,3.99
Trevor Richards,TOR,49.0,24.0,1.146,2.0,1.0,52.1,4.64
Trevor Richards,MIN,13.0,11.0,1.462,0.0,1.0,13.0,4.15
Mason Miller,OAK,104.0,21.0,0.877,2.0,2.0,65.0,2.49
Robert Suarez,SDP,59.0,16.0,1.046,9.0,3.0,65.0,2.77
Hoby Milner*,MIL,64.0,14.0,1.191,5.0,1.0,64.2,4.73
David Festa,MIN,77.0,23.0,1.321,2.0,6.0,64.1,4.9
Tyler Kinley,COL,72.0,33.0,1.469,6.0,1.0,64.0,6.19
Enyel De Los Santos,SDP,48.0,13.0,1.289,1.0,2.0,40.1,4.46
Enyel De Los Santos,NYY,5.0,3.0,2.526,0.0,0.0,6.1,14.21
Enyel De Los Santos,CHW,13.0,9.0,1.269,0.0,0.0,17.1,3.63
Phil Maton,TBR,30.0,18.0,1.33,1.0,2.0,35.1,4.58
Phil Maton,NYM,30.0,6.0,0.837,2.0,1.0,28.2,2.51
Kyle Finnegan,WSN,60.0,24.0,1.335,3.0,8.0,63.2,3.68
Adrián Morejón*,SDP,71.0,21.0,1.319,3.0,2.0,63.2,2.83
Osvaldo Bido,OAK,63.0,26.0,1.089,5.0,3.0,63.1,3.41
Jesse Chavez,ATL,55.0,19.0,1.247,2.0,2.0,63.1,3.13
Greg Weissert,BOS,58.0,20.0,1.342,4.0,2.0,63.1,3.13
Clay Holmes,NYY,68.0,22.0,1.302,3.0,5.0,63.0,3.14
Daniel Hudson,LAD,63.0,19.0,1.032,6.0,2.0,63.0,3.0
Orion Kerkering,PHI,74.0,17.0,1.079,5.0,3.0,63.0,2.29
Génesis Cabrera*,TOR,50.0,29.0,1.468,3.0,3.0,62.2,3.59
Yuki Matsui*,SDP,69.0,27.0,1.165,4.0,2.0,62.2,3.73
Matt Strahm*,PHI,79.0,11.0,0.75,6.0,2.0,62.2,1.87
Bryan Hudson*,MIL,62.0,17.0,0.722,6.0,1.0,62.1,1.73
Jared Koenig*,MIL,63.0,23.0,1.242,9.0,4.0,62.0,2.47
Tyson Miller,SEA,12.0,1.0,0.771,0.0,0.0,11.2,3.09
Tyson Miller,CHC,42.0,10.0,0.815,5.0,1.0,50.1,2.15
José Alvarado*,PHI,63.0,28.0,1.249,2.0,5.0,61.2,4.09
Aroldis Chapman*,PIT,98.0,39.0,1.346,5.0,5.0,61.2,3.79
Kirby Yates,TEX,85.0,28.0,0.827,7.0,2.0,61.2,1.17
Lucas Erceg,OAK,41.0,13.0,1.2,2.0,3.0,36.2,3.68
Lucas Erceg,KCR,31.0,3.0,0.84,0.0,3.0,25.0,2.88
Peter Lambert,COL,50.0,29.0,1.663,2.0,5.0,61.1,5.72
Jeremiah Estrada,SDP,94.0,23.0,1.066,6.0,3.0,61.0,2.95
Austin Voth,SEA,61.0,18.0,1.049,2.0,5.0,61.0,3.69
Emerson Hancock,SEA,39.0,19.0,1.335,4.0,4.0,60.2,4.75
Yennier Cano,BAL,65.0,24.0,1.3,4.0,3.0,60.0,3.15
Garrett Cleavinger*,TBR,71.0,31.0,1.383,7.0,5.0,60.0,3.75
Jason Foley,DET,46.0,20.0,1.183,3.0,6.0,60.0,3.15
John King*,STL,38.0,14.0,1.2,3.0,3.0,60.0,2.85
Taylor Rogers*,SFG,64.0,22.0,1.25,1.0,4.0,60.0,2.4
Robert Garcia*,WSN,75.0,16.0,1.19,3.0,6.0,59.2,4.22
Justin Lawrence,COL,45.0,33.0,1.777,4.0,4.0,59.2,6.49
Dylan Lee*,ATL,76.0,17.0,1.106,4.0,2.0,59.2,2.11
Joe Mantiply*,ARI,53.0,18.0,1.173,6.0,2.0,59.2,3.92
Anthony Molina,COL,41.0,22.0,1.575,1.0,1.0,59.2,6.79
Bryce Jarvis,ARI,38.0,33.0,1.433,1.0,2.0,59.1,3.19
Andrés Muñoz,SEA,77.0,26.0,0.961,3.0,7.0,59.1,2.12
Héctor Neris,CHC,46.0,26.0,1.523,8.0,4.0,44.0,3.89
Héctor Neris,HOU,18.0,2.0,1.043,2.0,1.0,15.1,4.7
Camilo Doval,SFG,78.0,39.0,1.576,5.0,3.0,59.0,4.88
Joel Payamps,MIL,59.0,18.0,0.966,3.0,7.0,59.0,3.05
JoJo Romero*,STL,51.0,16.0,1.153,7.0,3.0,59.0,3.36
Luis García,LAA,40.0,14.0,1.168,5.0,1.0,43.2,3.71
Luis García,BOS,13.0,1.0,1.63,0.0,0.0,15.1,8.22
Drew Smyly*,CHC,56.0,25.0,1.398,4.0,8.0,58.2,3.84
Seranthony Domínguez,PHI,40.0,12.0,1.222,3.0,2.0,36.0,4.75
Seranthony Domínguez,BAL,28.0,9.0,1.279,0.0,2.0,22.2,3.97
Jorge Alcalá,MIN,58.0,20.0,1.029,4.0,3.0,58.1,3.24
Chris Stratton,KCR,44.0,33.0,1.474,4.0,3.0,58.1,5.55
Chase Anderson,BOS,35.0,19.0,1.25,0.0,2.0,52.0,4.85
Chase Anderson,TEX,7.0,2.0,1.737,0.0,0.0,6.1,9.95
Mike Baumann,BAL,16.0,9.0,1.473,1.0,0.0,18.1,3.44
Mike Baumann,SEA,16.0,8.0,1.286,2.0,0.0,16.1,5.51
Mike Baumann,SFG,1.0,0.0,4.5,0.0,0.0,0.2,27.0
Mike Baumann,LAA,7.0,4.0,1.929,0.0,0.0,9.1,6.75
Mike Baumann,MIA,18.0,7.0,1.317,0.0,1.0,13.2,6.59
Mark Leiter Jr.,CHC,53.0,13.0,1.101,2.0,4.0,36.1,4.21
Mark Leiter Jr.,NYY,33.0,9.0,1.708,2.0,1.0,21.2,4.98
David Bednar,PIT,58.0,28.0,1.422,3.0,8.0,57.2,5.77
Nick Sandlin,CLE,68.0,27.0,1.266,8.0,0.0,57.2,3.75
Nick Mears,COL,57.0,21.0,1.5,1.0,4.0,45.1,5.56
Nick Mears,MIL,18.0,3.0,1.378,0.0,1.0,12.1,7.3
Alex Faedo,DET,55.0,28.0,1.343,5.0,3.0,57.1,3.61
Reed Garrett,NYM,83.0,30.0,1.395,8.0,5.0,57.1,3.77
Max Meyer,MIA,46.0,19.0,1.421,3.0,5.0,57.0,5.68
Zack Kelly,BOS,61.0,27.0,1.253,6.0,3.0,56.2,3.97
James McArthur,KCR,49.0,14.0,1.447,5.0,7.0,56.2,4.92
T.J. McFarland*,OAK,39.0,17.0,1.235,2.0,4.0,56.2,3.81
Ryan Pressly,HOU,58.0,18.0,1.341,2.0,3.0,56.2,3.49
Jacob Webb,BAL,58.0,27.0,1.182,2.0,5.0,56.2,3.02
Alexis Díaz,CIN,55.0,31.0,1.296,2.0,5.0,56.1,3.99
Pierce Johnson,ATL,67.0,25.0,1.296,6.0,6.0,56.1,3.67
Andrew Chafin*,DET,50.0,16.0,1.378,3.0,2.0,37.0,3.16
Andrew Chafin*,TEX,20.0,15.0,1.655,1.0,1.0,19.1,4.19
Burch Smith,MIA,23.0,9.0,1.618,2.0,0.0,29.2,4.25
Burch Smith,BAL,23.0,3.0,1.05,2.0,1.0,26.2,5.74
Bobby Miller,LAD,52.0,30.0,1.768,2.0,4.0,56.0,8.52
Adam Ottavino,NYM,70.0,23.0,1.286,2.0,2.0,56.0,4.34
Shelby Miller,DET,49.0,13.0,0.97,6.0,8.0,55.2,4.53
Ben Brown,CHC,64.0,19.0,1.084,1.0,3.0,55.1,3.58
Aaron Bummer*,ATL,69.0,18.0,1.428,4.0,3.0,55.1,3.58
Justin Slaten,BOS,58.0,9.0,1.012,6.0,2.0,55.1,2.93
Keaton Winn,SFG,48.0,20.0,1.373,3.0,8.0,55.1,7.16
John Brebbia,CHW,58.0,17.0,1.418,0.0,6.0,48.2,6.29
John Brebbia,ATL,9.0,2.0,0.9,0.0,0.0,6.2,2.7
Ryne Stanek,SEA,44.0,17.0,1.333,6.0,3.0,39.0,4.38
Ryne Stanek,NYM,23.0,8.0,1.286,1.0,0.0,16.1,6.06
Scott Barlow,CLE,68.0,31.0,1.364,3.0,3.0,55.0,4.25
Carlos Estévez,LAA,32.0,5.0,0.735,1.0,3.0,34.0,2.38
Carlos Estévez,PHI,18.0,7.0,1.19,3.0,2.0,21.0,2.57
Kenley Jansen,BOS,62.0,20.0,1.061,4.0,2.0,54.2,3.29
Kyle Nicolas,PIT,55.0,31.0,1.5,2.0,2.0,54.2,3.95
Evan Phillips,LAD,63.0,17.0,1.189,5.0,1.0,54.2,3.62
Jhoan Durán,MIN,66.0,15.0,1.16,6.0,9.0,54.1,3.64
Spencer Turnbull,PHI,58.0,20.0,1.049,3.0,0.0,54.1,2.65
Caleb Ferguson*,NYY,41.0,16.0,1.5,1.0,3.0,33.1,5.13
Caleb Ferguson*,HOU,26.0,9.0,1.476,0.0,1.0,21.0,3.86
Edwin Díaz,NYM,84.0,20.0,1.043,6.0,4.0,53.2,3.52
Calvin Faucher,MIA,63.0,26.0,1.398,2.0,3.0,53.2,3.19
Cionel Pérez*,BAL,46.0,28.0,1.398,2.0,0.0,53.2,4.53
Ángel Zerpa*,KCR,49.0,19.0,1.453,2.0,0.0,53.2,3.86
Bryan Hoeing,MIA,25.0,9.0,1.267,1.0,2.0,30.0,2.7
Bryan Hoeing,SDP,18.0,5.0,0.803,1.0,1.0,23.2,1.52
Justin Anderson,CHW,57.0,32.0,1.5,1.0,2.0,53.1,4.39
Chad Green,TOR,46.0,14.0,1.031,4.0,6.0,53.1,3.21
Chad Kuhl,CHW,54.0,25.0,1.519,0.0,2.0,53.1,5.06
Anthony Bender,MIA,59.0,18.0,1.283,5.0,2.0,53.0,4.08
Luke Jackson,SFG,33.0,15.0,1.429,4.0,2.0,35.0,5.4
Luke Jackson,ATL,26.0,11.0,1.556,0.0,1.0,18.0,4.5
Jorge López,NYM,19.0,11.0,1.367,1.0,2.0,26.1,3.76
Jorge López,CHC,31.0,8.0,1.088,1.0,1.0,26.2,2.03
Gregory Soto*,PHI,44.0,20.0,1.585,2.0,4.0,35.1,4.08
Gregory Soto*,BAL,21.0,7.0,1.528,1.0,1.0,17.2,5.09
Seth Martinez,HOU,36.0,18.0,1.272,3.0,2.0,52.2,3.59
Craig Kimbrel,BAL,73.0,31.0,1.357,7.0,5.0,52.1,5.33
Randy Rodríguez,SFG,53.0,18.0,1.242,3.0,2.0,52.1,4.3
José Suarez*,LAA,56.0,27.0,1.605,1.0,2.0,52.1,6.02
John Schreiber,KCR,46.0,20.0,1.316,4.0,3.0,51.2,3.66
Huascar Brazobán,MIA,34.0,11.0,1.011,1.0,2.0,30.2,2.93
Huascar Brazobán,NYM,17.0,14.0,1.524,0.0,1.0,21.0,5.14
Tyler Ferguson,OAK,62.0,24.0,1.091,4.0,2.0,51.1,3.68
Colin Holderman,PIT,56.0,25.0,1.305,3.0,6.0,51.1,3.16
Elvis Peguero,MIL,47.0,27.0,1.539,7.0,4.0,51.1,2.98
Brennan Bernardino*,BOS,56.0,22.0,1.412,4.0,3.0,51.0,4.06
Michael Grove,LAD,54.0,16.0,1.216,4.0,4.0,51.0,5.12
Tanner Rainey,WSN,44.0,29.0,1.49,0.0,0.0,51.0,4.76
José Ruiz,PHI,52.0,17.0,1.333,5.0,1.0,51.0,3.71
Carmen Mlodzinski,PIT,46.0,19.0,1.184,5.0,5.0,50.2,3.38
Hunter Harvey,WSN,50.0,12.0,1.222,2.0,4.0,45.0,4.2
Hunter Harvey,KCR,5.0,4.0,2.118,0.0,0.0,5.2,6.35
Landen Roupp,SFG,47.0,26.0,1.371,1.0,2.0,50.1,3.58
Davis Martin,CHW,47.0,23.0,1.46,0.0,5.0,50.0,4.32
Eduardo Rodríguez*,ARI,47.0,19.0,1.5,3.0,4.0,50.0,5.04
Anthony Banda*,LAD,50.0,18.0,1.248,3.0,2.0,49.2,3.08
Bryce Elder,ATL,46.0,17.0,1.631,2.0,5.0,49.2,6.52
Andrew Nardi*,MIA,70.0,18.0,1.248,3.0,2.0,49.2,5.07
Louie Varland,MIN,49.0,16.0,1.691,0.0,6.0,49.2,7.61
Quinn Priester,PIT,31.0,13.0,1.455,2.0,6.0,44.2,5.04
Quinn Priester,BOS,2.0,1.0,1.0,1.0,0.0,5.0,1.8
Kyle Muller*,OAK,36.0,10.0,1.176,0.0,1.0,49.1,4.01
Lucas Sims,CIN,40.0,20.0,1.415,1.0,4.0,35.1,3.57
Lucas Sims,BOS,9.0,10.0,1.5,0.0,2.0,14.0,6.43
Spencer Bivens,SFG,37.0,11.0,1.192,3.0,1.0,48.2,3.14
Kyle Leahy,STL,33.0,10.0,1.027,1.0,1.0,48.2,4.07
Matt Moore*,LAA,41.0,26.0,1.345,5.0,3.0,48.1,5.03
Zach Pop,TOR,33.0,19.0,1.324,2.0,4.0,48.1,5.59
Joe Boyle,OAK,56.0,40.0,1.72,3.0,6.0,47.2,6.42
Christian Scott,NYM,39.0,12.0,1.204,0.0,3.0,47.1,4.56
Caleb Thielbar*,MIN,53.0,24.0,1.563,2.0,4.0,47.1,5.32
Stephen Kolek,SDP,39.0,12.0,1.521,3.0,0.0,46.2,5.21
Blake Treinen,LAD,56.0,11.0,0.943,7.0,3.0,46.2,1.93
Justin Wilson*,CIN,51.0,13.0,1.457,1.0,5.0,46.2,5.59
Trevor Megill,MIL,50.0,14.0,1.014,1.0,3.0,46.1,2.72
Jordan Wicks*,CHC,42.0,20.0,1.63,2.0,4.0,46.0,5.48
Brendon Little*,TOR,36.0,19.0,1.314,1.0,2.0,45.2,3.74
Shawn Dubin,HOU,49.0,26.0,1.566,1.0,1.0,45.1,4.17
Pete Fairbanks,TBR,44.0,17.0,1.169,3.0,3.0,45.1,3.57
Brant Hurter*,DET,38.0,6.0,0.882,6.0,1.0,45.1,2.58
Yohan Ramírez,NYM,11.0,4.0,1.8,0.0,1.0,8.1,7.56
Yohan Ramírez,BAL,6.0,2.0,0.833,0.0,0.0,6.0,6.0
Yohan Ramírez,LAD,27.0,11.0,1.466,0.0,4.0,29.1,5.52
Yohan Ramírez,BOS,1.0,0.0,2.25,0.0,0.0,1.1,13.5
Chris Martin,BOS,50.0,3.0,1.128,3.0,1.0,44.1,3.45
Steven Matz*,STL,33.0,15.0,1.444,1.0,2.0,44.1,5.08
Drew Thorpe,CHW,25.0,21.0,1.263,3.0,3.0,44.1,5.48
Jhony Brito,SDP,29.0,10.0,1.351,1.0,2.0,43.2,4.12
Jacob Latz*,TEX,40.0,27.0,1.511,2.0,3.0,43.2,3.71
Daniel Lynch IV*,KCR,39.0,14.0,0.992,2.0,0.0,43.1,3.32
Max Scherzer,TEX,40.0,10.0,1.154,2.0,4.0,43.1,3.95
Jonathan Hernández,TEX,36.0,26.0,1.585,3.0,1.0,41.0,5.05
Jonathan Hernández,SEA,3.0,2.0,1.714,0.0,0.0,2.1,11.57
DL Hall*,MIL,44.0,21.0,1.605,1.0,2.0,43.0,5.02
Porter Hodge,CHC,52.0,19.0,0.884,3.0,1.0,43.0,1.88
Cam Booser*,BOS,43.0,16.0,1.336,2.0,3.0,42.2,3.38
Tommy Kahnle,NYY,46.0,19.0,1.148,0.0,2.0,42.2,2.11
Sam Long*,KCR,44.0,17.0,1.195,3.0,3.0,42.2,3.16
Tim Mayza*,TOR,16.0,12.0,1.946,0.0,1.0,24.2,8.03
Tim Mayza*,NYY,12.0,3.0,1.167,0.0,1.0,18.0,4.0
Xzavion Curry,CLE,15.0,5.0,1.378,0.0,2.0,24.2,5.84
Xzavion Curry,MIA,13.0,2.0,0.611,2.0,0.0,18.0,3.0
Adam Oller,MIA,36.0,22.0,1.535,2.0,4.0,42.1,5.31
Eli Morgan,CLE,34.0,11.0,0.976,3.0,0.0,42.0,1.93
Darren McCaughan,MIA,27.0,9.0,1.472,0.0,0.0,36.0,5.75
Darren McCaughan,CLE,1.0,6.0,2.5,0.0,0.0,6.0,9.0
Collin Snider,SEA,47.0,13.0,1.176,3.0,4.0,41.2,1.94
Edwin Uceta,TBR,57.0,8.0,0.816,2.0,0.0,41.2,1.51
Jordan Weems,WSN,35.0,24.0,1.752,1.0,1.0,41.2,6.7
Austin Adams,OAK,53.0,23.0,1.476,1.0,2.0,41.1,3.92
Will Smith*,KCR,29.0,15.0,1.452,0.0,4.0,41.1,6.53
Brad Keller,CHW,13.0,6.0,1.38,0.0,2.0,16.2,4.86
Brad Keller,BOS,19.0,9.0,1.622,0.0,2.0,24.2,5.84
Jesús Tinoco,TEX,9.0,7.0,1.8,0.0,0.0,10.0,8.1
Jesús Tinoco,CHC,3.0,0.0,0.75,0.0,0.0,4.0,0.0
Jesús Tinoco,MIA,30.0,5.0,0.675,1.0,0.0,26.2,2.03
Jake Bird,COL,31.0,25.0,1.7,2.0,2.0,40.0,4.5
Luis Medina,OAK,32.0,20.0,1.575,2.0,4.0,40.0,5.18
Matthew Boyd*,CLE,46.0,13.0,1.134,2.0,2.0,39.2,2.72
Paul Sewald,ARI,43.0,10.0,1.134,1.0,2.0,39.2,4.31
Kyle Bradish,BAL,53.0,15.0,1.068,2.0,0.0,39.1,2.75
Erik Swanson,TOR,37.0,14.0,1.271,2.0,2.0,39.1,5.03
Alex Wood*,OAK,33.0,19.0,1.78,1.0,3.0,39.1,5.26
Yimi García,TOR,42.0,8.0,0.8,3.0,0.0,30.0,2.7
Yimi García,SEA,7.0,4.0,1.222,0.0,0.0,9.0,6.0
Scott Alexander*,OAK,31.0,15.0,1.19,1.0,3.0,38.2,2.56
Joey Cantillo*,CLE,44.0,15.0,1.293,2.0,4.0,38.2,4.89
Tayler Saucedo*,SEA,38.0,18.0,1.371,2.0,0.0,38.2,3.49
Tommy Henry*,ARI,30.0,18.0,1.748,2.0,3.0,38.1,7.04
Rafael Montero,HOU,23.0,19.0,1.409,1.0,2.0,38.1,4.7
Wandy Peralta*,SDP,22.0,13.0,1.2,3.0,2.0,38.1,3.99
Jake Cousins,NYY,53.0,20.0,1.053,2.0,1.0,38.0,2.37
Emilio Pagán,CIN,44.0,11.0,1.342,4.0,5.0,38.0,4.5
Thyago Vieira,MIL,25.0,13.0,1.701,0.0,0.0,22.1,5.64
Thyago Vieira,ARI,14.0,9.0,1.277,0.0,1.0,15.2,2.87
Ian Hamilton,NYY,41.0,14.0,1.354,0.0,1.0,37.2,3.82
Zebby Matthews,MIN,43.0,11.0,1.646,1.0,4.0,37.2,6.69
Sam Moll*,CIN,38.0,14.0,1.088,3.0,2.0,37.2,3.35
Manuel Rodríguez,TBR,34.0,11.0,1.062,3.0,4.0,37.2,2.15
Hunter Stratton,PIT,33.0,7.0,1.168,2.0,1.0,37.2,3.58
Danny Young*,NYM,48.0,18.0,1.248,4.0,1.0,37.2,4.54
Brent Honeywell Jr.,PIT,1.0,2.0,1.5,0.0,0.0,3.1,2.7
Brent Honeywell Jr.,LAD,17.0,9.0,1.107,1.0,1.0,34.1,2.62
Colin Poche*,TBR,33.0,13.0,1.152,1.0,2.0,37.1,3.86
Braxton Garrett*,MIA,34.0,4.0,1.189,2.0,2.0,37.0,5.35
Tyler Phillips,PHI,28.0,7.0,1.418,4.0,1.0,36.2,6.87
Dillon Tate,BAL,23.0,9.0,1.41,2.0,1.0,33.1,4.59
Dillon Tate,TOR,4.0,3.0,2.1,0.0,0.0,3.1,5.4
Mason Black,SFG,31.0,15.0,1.679,1.0,5.0,36.1,6.44
Justin Wrobleski*,LAD,26.0,16.0,1.376,1.0,2.0,36.1,5.7
JT Chargois,MIA,12.0,7.0,1.32,1.0,0.0,16.2,1.62
JT Chargois,SEA,18.0,6.0,0.763,2.0,1.0,19.2,2.75
Nick Anderson,KCR,29.0,15.0,1.402,3.0,1.0,35.2,4.04
Jack Leiter,TEX,31.0,17.0,1.71,0.0,3.0,35.2,8.83
Nick Nastrini,CHW,26.0,36.0,1.907,0.0,7.0,35.2,7.07
Sixto Sánchez,MIA,17.0,14.0,1.598,0.0,3.0,35.2,6.06
Steven Okert*,MIN,33.0,16.0,1.5,3.0,2.0,35.1,5.09
Dedniel Núñez,NYM,48.0,8.0,0.914,2.0,0.0,35.0,2.31
Jake Woodford,CHW,7.0,5.0,2.4,0.0,2.0,8.1,10.8
Jake Woodford,PIT,19.0,4.0,1.388,0.0,4.0,26.2,7.09
Kody Funderburk*,MIN,32.0,15.0,1.615,1.0,0.0,34.2,6.49
Cristian Javier,HOU,27.0,19.0,1.413,3.0,1.0,34.2,3.89
Ben Joyce,LAA,33.0,14.0,1.154,2.0,0.0,34.2,2.08
Steven Wilson,CHW,34.0,26.0,1.587,1.0,6.0,34.2,5.71
Tanner Gordon,COL,26.0,6.0,1.718,0.0,6.0,34.1,8.65
A.J. Minter*,ATL,35.0,11.0,1.019,5.0,4.0,34.1,2.62
Chris Roycroft,STL,33.0,17.0,1.398,1.0,2.0,34.1,4.19
Richard Lovelady*,CHC,6.0,2.0,1.941,0.0,1.0,5.2,7.94
Richard Lovelady*,TBR,20.0,9.0,1.186,3.0,5.0,28.2,3.77
J.T. Ginn,OAK,29.0,9.0,1.324,1.0,1.0,34.0,4.24
Michel Otañez,OAK,55.0,20.0,1.382,1.0,0.0,34.0,3.44
Brock Burke*,TEX,16.0,9.0,2.195,0.0,0.0,13.2,9.22
Brock Burke*,LAA,25.0,7.0,1.131,2.0,1.0,20.1,3.54
Marco Gonzales*,PIT,23.0,11.0,1.604,1.0,1.0,33.2,4.54
Adam Mazur,SDP,22.0,21.0,1.812,1.0,3.0,33.2,7.49
Jeffrey Springs*,TBR,37.0,11.0,1.364,2.0,2.0,33.0,3.27
Ryan Burr,TOR,47.0,12.0,1.255,0.0,2.0,32.2,4.13
Scott McGough,ARI,25.0,21.0,1.684,1.0,3.0,32.2,7.44
Jake Diekman*,NYM,40.0,24.0,1.469,2.0,3.0,32.0,5.63
Jose A. Ferrer*,WSN,25.0,6.0,1.031,1.0,0.0,32.0,3.38
Joe Kelly,LAD,35.0,16.0,1.469,1.0,1.0,32.0,4.78
Julian Aguiar,CIN,19.0,12.0,1.326,2.0,1.0,31.2,6.25
Angel Chivilli,COL,28.0,10.0,1.295,2.0,3.0,31.2,4.55
Kyle Tyler,MIA,25.0,18.0,1.737,0.0,2.0,31.2,5.4
Josh Fleming*,PIT,17.0,14.0,1.532,1.0,1.0,31.1,4.02
Michael Kelly,OAK,22.0,10.0,1.181,3.0,2.0,31.1,2.59
Jordan Leasure,CHW,26.0,18.0,1.596,0.0,2.0,31.1,6.32
Rhett Lowder,CIN,22.0,14.0,1.272,2.0,2.0,30.2,1.17
Robbie Ray*,SFG,43.0,15.0,1.141,3.0,2.0,30.2,4.7
Bradley Blalock,MIL,0.0,1.0,1.0,0.0,0.0,1.0,0.0
Bradley Blalock,COL,20.0,19.0,1.82,1.0,3.0,29.2,6.07
Matt Bowman,MIN,6.0,4.0,0.783,0.0,0.0,7.2,2.35
Matt Bowman,ARI,4.0,2.0,1.5,0.0,0.0,6.2,8.1
Matt Bowman,SEA,0.0,1.0,3.0,0.0,0.0,0.2,13.5
Matt Bowman,BAL,14.0,6.0,1.34,1.0,0.0,15.2,3.45
Kris Bubic*,KCR,39.0,5.0,1.022,1.0,1.0,30.1,2.67
Davis Daniel,LAA,28.0,6.0,1.484,1.0,4.0,30.1,6.23
Keegan Thompson,CHC,36.0,18.0,1.22,2.0,1.0,30.1,2.67
Yonny Chirinos,MIA,25.0,13.0,1.867,0.0,2.0,30.0,6.3
Carlos Hernández,KCR,27.0,16.0,1.333,0.0,1.0,30.0,3.3
Clayton Kershaw*,LAD,24.0,9.0,1.5,2.0,2.0,30.0,4.5
Tony Santillan,CIN,46.0,9.0,1.0,3.0,3.0,30.0,3.0
Danny Coulombe*,BAL,32.0,5.0,0.674,1.0,0.0,29.2,2.12
Brandon Bielak,HOU,9.0,7.0,1.673,0.0,0.0,17.1,5.71
Brandon Bielak,OAK,5.0,6.0,1.865,1.0,0.0,12.1,4.38
Brenan Hanifee,DET,23.0,6.0,1.125,1.0,1.0,29.1,1.84
George Soriano,MIA,29.0,13.0,1.364,1.0,1.0,29.1,6.75
Eduardo Salazar,LAD,3.0,2.0,2.5,0.0,0.0,2.0,0.0
Eduardo Salazar,WSN,24.0,12.0,1.573,0.0,1.0,27.1,2.96
Spencer Howard,SFG,21.0,11.0,1.833,1.0,1.0,24.0,5.63
Spencer Howard,CLE,6.0,3.0,2.8,0.0,1.0,5.0,9.0
Drew Rasmussen,TBR,35.0,6.0,1.081,0.0,2.0,28.2,2.83
Aaron Ashby*,MIL,33.0,10.0,1.059,1.0,2.0,28.1,2.86
Yilber Díaz,ARI,19.0,12.0,1.376,1.0,1.0,28.1,3.81
Logan Allen*,ARI,21.0,10.0,1.5,0.0,1.0,28.0,5.46
Ryan Brasier,LAD,25.0,5.0,0.964,1.0,0.0,28.0,3.54
Robert Gasser*,MIL,16.0,1.0,1.036,2.0,0.0,28.0,2.57
Eduard Bazardo,SEA,33.0,9.0,1.048,2.0,0.0,27.2,4.88
Matt Manning,DET,23.0,12.0,1.554,0.0,1.0,27.2,4.88
Bryan Sammons*,DET,18.0,9.0,0.915,1.0,1.0,27.1,3.62
Kolby Allard*,PHI,23.0,8.0,1.556,2.0,0.0,27.0,5.0
Grant Anderson,TEX,29.0,10.0,1.613,0.0,1.0,26.2,8.1
Aaron Brooks,OAK,12.0,8.0,1.538,0.0,2.0,26.2,5.06
Chris Devenski,TBR,24.0,14.0,1.575,2.0,1.0,26.2,6.75
Ethan Roberts,CHC,26.0,10.0,1.538,1.0,1.0,26.2,3.71
Gerson Garabito,TEX,22.0,12.0,1.329,0.0,2.0,26.1,4.78
Jay Jackson,MIN,29.0,9.0,1.405,1.0,2.0,26.1,7.52
Bryan King*,HOU,32.0,10.0,1.139,1.0,0.0,26.1,2.39
Gus Varland,LAD,3.0,4.0,1.833,0.0,0.0,6.0,3.0
Gus Varland,CHW,24.0,4.0,1.328,1.0,0.0,20.1,3.54
Luke Little*,CHC,28.0,18.0,1.269,3.0,1.0,26.0,3.46
Yunior Marté,PHI,23.0,15.0,1.885,0.0,0.0,26.0,6.92
Dany Jiménez,OAK,25.0,19.0,1.558,1.0,3.0,25.2,4.91
Hans Crouse,LAA,34.0,17.0,1.224,4.0,3.0,25.1,2.84
J.P. France,HOU,22.0,12.0,1.697,0.0,3.0,25.1,7.46
Kaleb Ort,HOU,26.0,4.0,0.811,1.0,1.0,24.2,2.55
Adam Cimber,LAA,19.0,14.0,1.397,3.0,0.0,24.1,7.03
Alek Manoah,TOR,26.0,8.0,1.027,1.0,2.0,24.1,3.7
Cody Poteet,NYY,16.0,8.0,1.068,3.0,0.0,24.1,2.22
Josh Staumont,MIN,18.0,14.0,1.274,1.0,0.0,24.1,3.7
Fraser Ellard*,CHW,26.0,12.0,1.25,2.0,3.0,24.0,3.75
Kenny Rosenberg*,LAA,17.0,8.0,1.5,0.0,1.0,24.0,6.0
Sam Hentges*,CLE,27.0,5.0,0.972,0.0,0.0,23.2,3.04
Gabe Speier*,SEA,33.0,14.0,1.394,0.0,2.0,23.2,5.7
Matt Festa,NYM,1.0,1.0,5.0,0.0,1.0,1.0,36.0
Matt Festa,TEX,23.0,7.0,1.059,6.0,0.0,22.2,4.37
Mitch White,TOR,6.0,4.0,1.4,1.0,0.0,10.0,5.4
Mitch White,SFG,1.0,5.0,2.438,0.0,0.0,5.1,11.81
Mitch White,MIL,6.0,4.0,1.44,0.0,1.0,8.1,6.48
Bryan Baker,BAL,23.0,7.0,1.157,1.0,1.0,23.1,5.01
Victor González*,NYY,11.0,13.0,1.114,2.0,1.0,23.1,3.86
Ron Marinaccio,NYY,25.0,10.0,1.2,1.0,0.0,23.1,3.86
Ty Madden,DET,17.0,8.0,1.435,1.0,1.0,23.0,4.3
Michael McGreevy,STL,18.0,2.0,0.783,3.0,0.0,23.0,1.96
Touki Toussaint,CHW,26.0,18.0,2.304,1.0,2.0,23.0,7.43
Will Warren,NYY,29.0,10.0,1.897,0.0,3.0,22.2,10.32
Brady Basso*,OAK,19.0,5.0,1.254,1.0,1.0,22.1,4.03
Ray Kerr*,ATL,27.0,7.0,1.612,1.0,2.0,22.1,5.64
Tommy Nance,TOR,19.0,9.0,1.227,0.0,3.0,22.0,4.09
Mason Englert,DET,16.0,5.0,1.292,1.0,0.0,21.2,5.4
Sean Reid-Foley,NYM,25.0,14.0,1.246,1.0,2.0,21.2,1.66
Devin Williams,MIL,38.0,11.0,0.969,1.0,0.0,21.2,1.25
Enoli Paredes,MIL,14.0,10.0,1.113,1.0,0.0,20.2,1.74
Enoli Paredes,CHC,2.0,0.0,0.0,0.0,0.0,1.0,0.0
Yerry Rodríguez,TEX,12.0,11.0,1.588,1.0,0.0,17.0,6.88
Yerry Rodríguez,TOR,5.0,2.0,2.571,0.0,0.0,4.2,15.43
Sean Guenther*,DET,12.0,2.0,0.524,3.0,0.0,21.0,0.86
Colten Brewer,CHC,22.0,9.0,1.597,0.0,0.0,20.2,5.66
Richard Fitts,BOS,9.0,7.0,1.258,0.0,1.0,20.2,1.74
Giovanny Gallegos,STL,21.0,10.0,1.645,2.0,1.0,20.2,6.53
Domingo Germán,PIT,18.0,13.0,1.839,0.0,1.0,20.2,7.84
John Means*,BAL,16.0,2.0,0.871,2.0,0.0,20.2,2.61
Emmanuel Ramírez,MIA,21.0,8.0,1.403,0.0,1.0,20.2,6.97
Erasmo Ramírez,TBR,15.0,10.0,1.065,3.0,0.0,20.2,4.35
Ryder Ryan,PIT,17.0,9.0,1.452,1.0,0.0,20.2,5.66
Scott Blewett,MIN,18.0,8.0,1.23,1.0,1.0,20.1,1.77
Noah Davis,COL,15.0,7.0,1.869,0.0,0.0,20.1,5.75
River Ryan,LAD,18.0,9.0,1.18,1.0,0.0,20.1,1.33
Jeff Criswell,COL,27.0,9.0,1.475,1.0,0.0,19.2,2.75
Michael Petersen,LAD,11.0,8.0,1.571,3.0,0.0,14.0,6.43
Michael Petersen,MIA,3.0,3.0,1.765,0.0,1.0,5.2,4.76
Ronny Henriquez,MIN,15.0,5.0,1.293,1.0,1.0,19.1,3.26
José Marte,LAA,14.0,10.0,1.241,0.0,0.0,19.1,2.33
José Quijada*,LAA,24.0,17.0,1.5,2.0,2.0,19.1,3.26
Troy Taylor,SEA,25.0,7.0,1.138,0.0,0.0,19.1,3.72
Prelander Berroa,CHW,26.0,13.0,1.474,1.0,0.0,19.0,3.32
Sean Burke,CHW,22.0,7.0,1.0,2.0,0.0,19.0,1.42
Dominic Leone,CHW,17.0,14.0,1.789,0.0,2.0,19.0,6.63
Anthony Maldonado,MIA,11.0,7.0,1.474,1.0,1.0,19.0,5.68
Cody Bolton,SEA,17.0,9.0,1.446,0.0,0.0,18.2,4.34
Alex Lange,DET,21.0,17.0,1.768,0.0,3.0,18.2,4.34
Blake Walston*,ARI,18.0,10.0,1.418,1.0,0.0,18.1,4.42
Garrett Whitlock,BOS,17.0,7.0,1.145,1.0,0.0,18.1,1.96
Daysbel Hernández,ATL,26.0,10.0,1.111,3.0,0.0,18.0,2.5
Bailey Horn*,BOS,13.0,10.0,1.778,1.0,1.0,18.0,6.5
Walter Pennington*,KCR,1.0,0.0,0.0,0.0,0.0,0.2,0.0
Walter Pennington*,TEX,16.0,11.0,1.731,1.0,0.0,17.1,3.12
Ky Bush*,CHW,11.0,16.0,2.038,0.0,3.0,17.2,5.6
Kent Emanuel*,MIA,12.0,7.0,1.528,0.0,0.0,17.2,6.62
Brandon Hughes*,ARI,21.0,10.0,1.925,0.0,0.0,17.2,8.15
Joe La Sorsa*,WSN,14.0,5.0,1.245,0.0,0.0,17.2,4.58
Drew Smith,NYM,23.0,9.0,1.528,1.0,1.0,17.2,3.06
Guillo Zuñiga,LAA,12.0,8.0,1.358,0.0,0.0,17.2,5.09
Adbert Alzolay,CHC,13.0,6.0,1.442,1.0,4.0,17.1,4.67
Cole Winn,TEX,14.0,4.0,1.269,0.0,1.0,17.1,7.79
Hunter Bigge,CHC,5.0,2.0,1.5,0.0,0.0,3.1,2.7
Hunter Bigge,TBR,19.0,3.0,1.214,0.0,0.0,14.0,2.57
Zack Thompson*,STL,20.0,8.0,1.882,0.0,2.0,17.0,9.53
Ryan Zeferjahn,LAA,18.0,6.0,0.765,0.0,0.0,17.0,2.12
Dallas Keuchel*,MIL,11.0,8.0,1.86,0.0,0.0,16.2,5.4
Alex Cobb,CLE,10.0,3.0,1.041,2.0,1.0,16.1,2.76
Matt Sauer,KCR,9.0,11.0,2.082,0.0,0.0,16.1,7.71
Josh Sborz,TEX,17.0,4.0,1.224,2.0,2.0,16.1,3.86
Yosver Zulueta,CIN,20.0,7.0,1.347,0.0,0.0,16.1,4.96
José Cuas,CHC,14.0,6.0,1.65,0.0,0.0,13.1,7.43
José Cuas,TOR,3.0,4.0,2.333,0.0,0.0,3.0,9.0
Shaun Anderson,TEX,3.0,1.0,2.1,0.0,0.0,3.1,5.4
Shaun Anderson,MIA,7.0,0.0,2.154,0.0,2.0,13.0,9.0
Cole Sulser,NYM,7.0,3.0,1.929,0.0,0.0,4.2,9.64
Cole Sulser,TBR,8.0,6.0,0.771,1.0,0.0,11.2,0.0
Tristan Beck,SFG,14.0,4.0,1.125,0.0,0.0,16.0,1.69
Mike Clevinger,CHW,15.0,9.0,1.938,0.0,3.0,16.0,6.75
Yency Almonte,CHC,20.0,8.0,1.085,1.0,0.0,15.2,3.45
José Cisnero,LAA,17.0,8.0,1.66,0.0,0.0,15.2,6.89
Grant Holman,OAK,16.0,9.0,1.66,1.0,1.0,15.2,4.02
Brock Stewart,MIN,20.0,8.0,1.468,0.0,0.0,15.2,5.17
Alex Young*,CIN,2.0,0.0,2.0,0.0,0.0,2.0,0.0
Alex Young*,NYM,13.0,7.0,1.317,0.0,0.0,13.2,3.29
Elieser Hernández,LAD,6.0,3.0,1.241,0.0,1.0,9.2,8.38
Elieser Hernández,MIL,2.0,2.0,1.167,0.0,0.0,6.0,3.0
Tyler Wells,BAL,13.0,3.0,1.37,0.0,2.0,15.1,5.87
Julian Merryweather,CHC,14.0,9.0,1.8,1.0,1.0,15.0,6.6
Sammy Peralta*,CHW,11.0,7.0,1.867,0.0,0.0,15.0,4.8
Tom Cosgrove*,SDP,15.0,6.0,1.977,0.0,1.0,14.2,11.66
Alek Jacob,SDP,19.0,2.0,0.75,0.0,0.0,14.2,2.45
Daniel Palencia,CHC,16.0,12.0,1.773,0.0,1.0,14.2,6.14
Daulton Jefferies,SFG,4.0,2.0,3.429,0.0,2.0,4.2,17.36
Daulton Jefferies,PIT,8.0,2.0,1.2,0.0,0.0,10.0,6.3
Abner Uribe,MIL,14.0,12.0,1.884,2.0,2.0,14.1,6.91
Brandon Williamson*,CIN,12.0,5.0,1.047,0.0,0.0,14.1,3.77
Tyler Beede,CLE,18.0,9.0,1.786,1.0,0.0,14.0,8.36
Deivi García,CHW,15.0,11.0,1.929,1.0,2.0,14.0,7.07
Miguel Castro,ARI,8.0,3.0,1.683,0.0,0.0,13.2,5.93
Max Lazar,PHI,9.0,2.0,1.098,0.0,0.0,13.2,4.61
Joely Rodríguez*,BOS,12.0,2.0,1.537,0.0,1.0,13.2,5.93
Jordan Romano,TOR,13.0,4.0,1.463,1.0,2.0,13.2,6.59
Darius Vines,ATL,9.0,4.0,1.829,0.0,1.0,13.2,8.56
Matt Barnes,WSN,10.0,4.0,1.5,0.0,0.0,13.1,6.75
Nick Ramirez*,LAD,5.0,7.0,1.875,0.0,0.0,13.1,6.08
Nick Robertson,STL,14.0,2.0,1.378,0.0,0.0,12.1,4.38
Nick Robertson,TOR,0.0,0.0,0.0,0.0,0.0,1.0,0.0
Anthony Veneziano*,KCR,2.0,1.0,2.5,0.0,0.0,2.0,4.5
Anthony Veneziano*,MIA,12.0,2.0,1.235,1.0,0.0,11.1,3.18
Sam Aldegheri*,LAA,10.0,10.0,1.923,1.0,2.0,13.0,4.85
Michael Mercado,PHI,10.0,9.0,1.923,1.0,2.0,13.0,11.08
Ryan Miller,LAA,11.0,8.0,1.615,0.0,1.0,13.0,4.15
Tyler Mahle,TEX,10.0,4.0,1.421,0.0,1.0,12.2,4.97
Erik Sabrowski*,CLE,19.0,4.0,0.789,0.0,0.0,12.2,0.0
Seth Halvorsen,COL,13.0,2.0,0.811,2.0,1.0,12.1,1.46
Jimmy Herget,ATL,15.0,3.0,1.297,0.0,1.0,12.1,4.38
Luis Peralta*,COL,14.0,5.0,0.973,0.0,0.0,12.1,0.73
Carlos Rodríguez,MIL,9.0,3.0,1.784,0.0,3.0,12.1,7.3
Antonio Senzatela,COL,7.0,8.0,1.865,0.0,1.0,12.1,6.57
Nick Vespi*,BAL,9.0,3.0,1.054,0.0,0.0,12.1,2.92
Josh Walker*,NYM,11.0,6.0,1.541,0.0,0.0,12.1,5.11
Shane Bieber,CLE,20.0,1.0,0.917,2.0,0.0,12.0,0.0
Ben Heller,PIT,15.0,6.0,2.083,0.0,1.0,12.0,11.25
John McMillon,MIA,13.0,5.0,1.0,2.0,1.0,12.0,1.5
Zach Plesac,LAA,5.0,7.0,1.583,1.0,1.0,12.0,8.25
Vinny Nittoli,OAK,5.0,2.0,1.25,0.0,1.0,8.0,2.25
Vinny Nittoli,BAL,3.0,0.0,0.5,0.0,0.0,4.0,0.0
Nick Avila,SFG,14.0,3.0,1.714,1.0,0.0,11.2,8.49
Jake Bloss,HOU,11.0,3.0,1.629,0.0,1.0,11.2,6.94
Kumar Rocker,TEX,14.0,6.0,1.543,0.0,2.0,11.2,3.86
Peter Strzelecki,CLE,9.0,3.0,1.2,0.0,0.0,11.2,2.31
Easton Lucas*,OAK,6.0,3.0,3.0,0.0,0.0,3.2,14.73
Easton Lucas*,DET,2.0,2.0,1.5,1.0,0.0,3.1,5.4
Easton Lucas*,TOR,2.0,4.0,2.143,0.0,0.0,4.2,11.57
Johnny Cueto,LAA,6.0,3.0,1.5,0.0,2.0,11.1,7.15
Logan Gillaspie,SDP,7.0,0.0,1.324,0.0,0.0,11.1,7.15
Yoendrys Gómez,NYY,10.0,7.0,1.588,0.0,0.0,11.1,3.97
Kevin Herget,MIL,9.0,3.0,0.794,0.0,0.0,11.1,1.59
Brett de Geus,SEA,2.0,0.0,1.2,0.0,0.0,3.1,2.7
Brett de Geus,MIA,4.0,2.0,1.588,0.0,2.0,5.2,6.35
Brett de Geus,TOR,1.0,2.0,2.143,0.0,0.0,2.1,15.43
Ryan Borucki*,PIT,13.0,4.0,1.636,0.0,0.0,11.0,7.36
J.P. Feyereisen,LAD,9.0,5.0,1.455,0.0,1.0,11.0,8.18
Parker Mushinski*,HOU,3.0,5.0,1.455,0.0,0.0,11.0,6.55
Sean Reynolds,SDP,21.0,5.0,1.364,0.0,0.0,11.0,0.82
Josh Rogers*,COL,3.0,3.0,1.636,2.0,0.0,11.0,6.55
Kai-Wei Teng,SFG,7.0,8.0,2.091,0.0,0.0,11.0,9.82
Joan Adon,WSN,6.0,4.0,1.5,0.0,0.0,10.2,6.75
Jacob deGrom,TEX,14.0,1.0,1.125,0.0,0.0,10.2,1.69
Jaden Hill,COL,6.0,4.0,1.125,0.0,0.0,10.2,5.06
Caleb Kilian,CHC,7.0,6.0,1.594,0.0,1.0,10.2,4.22
Kyle Nelson*,ARI,8.0,4.0,1.125,0.0,0.0,10.2,4.22
Ricardo Pinto,PHI,8.0,5.0,2.25,0.0,0.0,10.2,10.97
Austin Warren,SFG,7.0,5.0,1.313,0.0,0.0,10.2,1.69
Humberto Castellanos,ARI,7.0,4.0,1.452,0.0,0.0,10.1,5.23
Caden Dana,LAA,8.0,7.0,2.032,1.0,2.0,10.1,9.58
Jacob Lopez*,TBR,8.0,7.0,1.161,0.0,0.0,10.1,5.23
Joey Lucchesi*,NYM,7.0,8.0,1.548,0.0,2.0,10.1,5.23
Kirby Snead*,SEA,7.0,7.0,1.839,0.0,0.0,10.1,4.35
Diego Castillo,MIN,6.0,8.0,1.6,0.0,0.0,10.0,2.7
Luis Guerrero,BOS,9.0,2.0,0.8,0.0,0.0,10.0,0.0
Tyler Matzek*,ATL,10.0,3.0,1.9,0.0,0.0,10.0,9.9
Sean Newcomb*,OAK,7.0,8.0,1.7,1.0,0.0,10.0,6.3
Jacob Waguespack,TBR,11.0,10.0,2.3,0.0,0.0,10.0,5.4
Joel Kuhnel,HOU,1.0,0.0,2.0,0.0,0.0,2.0,18.0
Joel Kuhnel,TBR,4.0,0.0,0.5,0.0,0.0,8.0,1.13
Nick Burdi,NYY,12.0,9.0,1.448,1.0,0.0,9.2,1.86
Jhonathan Díaz*,SEA,8.0,3.0,1.759,0.0,1.0,9.2,4.66
Randy Dobnak,MIN,7.0,5.0,1.655,0.0,0.0,9.2,5.59
Mason Montgomery*,TBR,17.0,5.0,1.138,0.0,0.0,9.2,1.86
Jack O'Loughlin*,OAK,6.0,5.0,1.862,0.0,0.0,9.2,4.66
Luis Frías,ARI,7.0,4.0,2.368,0.0,1.0,6.1,9.95
Luis Frías,TOR,5.0,3.0,3.3,0.0,0.0,3.1,21.6
Lake Bachar,MIA,11.0,4.0,1.5,0.0,1.0,9.1,3.86
Casey Legumina,CIN,7.0,2.0,1.821,0.0,0.0,9.1,8.68
Tyler Duffey,KCR,10.0,8.0,1.667,1.0,0.0,9.0,5.0
Geoff Hartlieb,COL,7.0,4.0,1.889,0.0,0.0,9.0,9.0
Spencer Strider,ATL,12.0,5.0,1.667,0.0,0.0,9.0,7.0
Josh Winder,MIN,10.0,1.0,0.889,0.0,0.0,9.0,3.0
Wes Parsons,TOR,2.0,2.0,1.6,0.0,0.0,5.0,10.8
Wes Parsons,CLE,5.0,0.0,1.0,0.0,0.0,4.0,0.0
Matt Carasiti,COL,7.0,3.0,2.192,0.0,1.0,8.2,10.38
Paolo Espino,TOR,3.0,5.0,2.192,0.0,1.0,8.2,8.31
Chase Shugart,BOS,8.0,3.0,1.269,0.0,0.0,8.2,4.15
Andrew Walters,CLE,6.0,5.0,0.692,1.0,0.0,8.2,0.0
Phil Bickford,NYY,6.0,1.0,1.32,0.0,0.0,8.1,8.64
Ben Casparius,LAD,12.0,4.0,1.56,2.0,0.0,8.1,2.16
Tyler Gilbert*,PHI,4.0,2.0,1.44,0.0,0.0,8.1,3.24
Josiah Gray,WSN,9.0,5.0,2.4,0.0,2.0,8.1,14.04
Jackson Rutledge,WSN,9.0,2.0,1.2,0.0,0.0,8.1,3.24
Trey Wingenter,BOS,3.0,2.0,3.0,0.0,0.0,2.1,27.0
Trey Wingenter,CHC,3.0,2.0,1.667,0.0,0.0,6.0,3.0
Connor Gillispie,CLE,8.0,5.0,1.125,0.0,0.0,8.0,2.25
Nick Hernandez,HOU,10.0,1.0,1.375,0.0,0.0,8.0,7.88
Janson Junk,MIL,8.0,2.0,2.25,0.0,0.0,8.0,6.75
Riley O'Brien,STL,11.0,8.0,2.625,0.0,0.0,8.0,11.25
Chase Silseth,LAA,12.0,4.0,1.5,0.0,1.0,8.0,6.75
Gordon Graceffo,STL,6.0,2.0,1.174,0.0,1.0,7.2,4.7
Allan Winans,ATL,4.0,4.0,2.348,0.0,2.0,7.2,15.26
Rob Zastryzny*,MIL,5.0,1.0,0.652,1.0,0.0,7.2,1.17
Tyler Jay*,NYM,3.0,3.0,2.143,0.0,0.0,4.2,7.71
Tyler Jay*,MIL,3.0,3.0,1.667,0.0,0.0,3.0,0.0
Brusdar Graterol,LAD,7.0,2.0,0.682,0.0,0.0,7.1,2.45
Gregory Santos,SEA,6.0,1.0,1.091,0.0,1.0,7.1,4.91
Will Klein,KCR,6.0,2.0,2.118,1.0,0.0,5.2,6.35
Will Klein,OAK,1.0,4.0,3.6,0.0,0.0,1.2,27.0
Nabil Crismatt,LAD,6.0,0.0,1.0,1.0,1.0,7.0,2.57
Austin Davis*,SDP,6.0,5.0,1.571,0.0,0.0,7.0,9.0
Austin Kitchen*,MIA,4.0,3.0,2.714,0.0,1.0,7.0,14.14
Josh Maciejewski*,NYY,7.0,2.0,0.857,0.0,0.0,7.0,2.57
Wade Miley*,MIL,2.0,4.0,1.429,0.0,1.0,7.0,6.43
Brooks Raley*,NYM,9.0,3.0,0.714,1.0,0.0,7.0,0.0
Hurston Waldrep,ATL,3.0,8.0,2.429,0.0,1.0,7.0,16.71
Colin Selby,KCR,0.0,2.0,1.333,0.0,0.0,3.0,6.0
Colin Selby,BAL,5.0,2.0,0.75,0.0,0.0,4.0,0.0
Jonathan Bermúdez*,MIA,4.0,2.0,1.95,0.0,1.0,6.2,8.1
Isaiah Campbell,BOS,6.0,2.0,2.4,0.0,1.0,6.2,16.2
Brandon Eisert*,TOR,2.0,4.0,1.35,0.0,0.0,6.2,4.05
Matt Foster,CHW,4.0,5.0,1.5,0.0,1.0,6.2,2.7
Grant Hartwig,NYM,4.0,4.0,1.5,0.0,0.0,6.2,6.75
Kyle Hurt,LAD,3.0,1.0,1.35,0.0,1.0,6.2,1.35
Brandon Leibrandt*,CIN,5.0,2.0,2.053,0.0,0.0,6.1,9.95
Matt Andriese,MIA,7.0,1.0,1.333,0.0,1.0,6.0,6.0
JB Bukauskas,MIL,6.0,1.0,0.667,0.0,0.0,6.0,1.5
Luis Contreras,HOU,6.0,2.0,1.5,0.0,0.0,6.0,9.0
Jairo Iriarte,CHW,6.0,8.0,1.833,0.0,1.0,6.0,1.5
Jack Neely,CHC,7.0,2.0,1.667,0.0,0.0,6.0,9.0
Justin Bruihl*,PIT,5.0,1.0,1.765,0.0,0.0,5.2,9.53
Zach Brzykcy,WSN,4.0,3.0,2.118,0.0,0.0,5.2,14.29
Steven Cruz,KCR,4.0,0.0,0.176,0.0,0.0,5.2,0.0
Daniel Robert,TEX,6.0,2.0,1.412,1.0,0.0,5.2,3.18
Amir Garrett*,LAA,11.0,5.0,1.688,0.0,0.0,5.1,5.06
Jonathan Heasley,BAL,4.0,3.0,2.438,0.0,1.0,5.1,16.88
Jose Hernandez*,PIT,4.0,4.0,1.688,1.0,1.0,5.1,3.38
Casey Kelly,CIN,4.0,1.0,1.125,0.0,0.0,5.1,5.06
Isaac Mattson,PIT,6.0,5.0,1.125,0.0,0.0,5.1,5.06
Víctor Mederos,LAA,5.0,6.0,2.438,0.0,1.0,5.1,11.81
Nick Nelson,PHI,8.0,2.0,1.875,0.0,0.0,5.1,5.06
Kodai Senga,NYM,9.0,1.0,0.563,1.0,0.0,5.1,3.38
Jordan Lyles,KCR,3.0,2.0,0.8,0.0,0.0,5.0,0.0
Tucker Davidson*,BAL,1.0,2.0,1.286,1.0,0.0,4.2,0.0
Ty Adcock,NYM,3.0,2.0,2.077,0.0,0.0,4.1,14.54
Anthony Gose*,CLE,4.0,1.0,2.308,0.0,0.0,4.1,10.38
Kiké Hernández,LAD,0.0,0.0,1.154,0.0,0.0,4.1,4.15
Dinelson Lamet,LAD,3.0,2.0,0.923,0.0,0.0,4.1,2.08
Austin Pruitt,TEX,1.0,3.0,2.538,0.0,0.0,4.1,12.46
AJ Smith-Shawver,ATL,4.0,2.0,1.154,0.0,0.0,4.1,0.0
Eli Villalobos,MIA,3.0,2.0,1.154,0.0,0.0,4.1,2.08
Jake Bauers*,MIL,1.0,4.0,2.25,0.0,0.0,4.0,4.5
Caleb Boushley,MIN,1.0,2.0,2.0,0.0,0.0,4.0,4.5
Alan Busenitz,CIN,3.0,0.0,2.25,0.0,0.0,4.0,13.5
Daniel Duarte,MIN,3.0,1.0,0.75,1.0,0.0,4.0,2.25
Kyle Farmer,MIN,0.0,1.0,2.0,0.0,0.0,4.0,6.75
Vladimir Gutierrez,MIA,4.0,2.0,1.25,0.0,0.0,4.0,6.75
Jackson Jobe,DET,2.0,1.0,0.5,0.0,0.0,4.0,0.0
Jonathan Loáisiga,NYY,3.0,1.0,2.0,1.0,0.0,4.0,0.0
Germán Márquez,COL,3.0,4.0,2.25,0.0,0.0,4.0,6.75
Chayce McDermott,BAL,3.0,2.0,1.75,0.0,0.0,4.0,6.75
Zach Penrod*,BOS,3.0,4.0,1.75,0.0,0.0,4.0,2.25
Gerardo Reyes,OAK,2.0,3.0,1.75,0.0,0.0,4.0,4.5
Emmanuel Rivera,MIA,0.0,0.0,1.75,0.0,0.0,4.0,9.0
Bryan Shaw,CHW,4.0,4.0,3.0,0.0,1.0,4.0,9.0
Justin Sterner,TBR,4.0,1.0,1.5,0.0,0.0,4.0,2.25
Garrett Stubbs,PHI,0.0,2.0,2.0,0.0,0.0,4.0,15.75
Naoyuki Uwasawa,BOS,3.0,2.0,1.0,0.0,0.0,4.0,2.25
Luke Williams,ATL,0.0,1.0,1.5,0.0,0.0,4.0,4.5
Ricky Vanasco,LAD,1.0,0.0,1.5,0.0,0.0,2.0,13.5
Ricky Vanasco,DET,0.0,0.0,0.0,1.0,0.0,2.0,0.0
Dan Altavilla,KCR,5.0,3.0,2.182,0.0,1.0,3.2,14.73
Clayton Beeter,NYY,5.0,1.0,1.364,0.0,0.0,3.2,4.91
Rich Hill*,BOS,5.0,3.0,1.091,0.0,1.0,3.2,4.91
Luke Maile,CIN,0.0,0.0,1.636,0.0,0.0,3.2,14.73
David Buchanan,CIN,1.0,2.0,1.2,0.0,0.0,3.1,2.7
Mike Burrows,PIT,2.0,3.0,1.5,1.0,0.0,3.1,2.7
Scott Effross,NYY,2.0,2.0,1.5,0.0,0.0,3.1,5.4
Edgardo Henriquez,LAD,5.0,2.0,1.2,0.0,0.0,3.1,2.7
Riley Pint,COL,7.0,5.0,3.0,0.0,0.0,3.1,21.6
Orlando Ribalta,WSN,3.0,2.0,3.6,0.0,0.0,3.1,13.5
Jackson Stephens,ATL,2.0,1.0,1.8,0.0,0.0,3.1,2.7
Forrest Whitley,HOU,5.0,3.0,2.4,0.0,0.0,3.1,0.0
Tyler Zuber,TBR,4.0,2.0,1.5,0.0,0.0,3.1,2.7
Tyler Fitzgerald,SFG,0.0,0.0,2.0,0.0,0.0,3.0,9.0
Brent Headrick*,MIN,5.0,2.0,1.333,0.0,0.0,3.0,3.0
Andrew Knizner,TEX,0.0,2.0,1.0,0.0,0.0,3.0,0.0
Trevor McDonald,SFG,1.0,1.0,0.333,0.0,0.0,3.0,0.0
Cristian Mena,ARI,2.0,3.0,2.333,0.0,0.0,3.0,12.0
Dominic Smith*,BOS,0.0,1.0,1.0,0.0,0.0,3.0,0.0
Owen White,TEX,0.0,1.0,3.333,0.0,0.0,3.0,24.0
Connor Brogdon,PHI,3.0,6.0,4.5,0.0,1.0,2.0,27.0
Connor Brogdon,LAD,0.0,0.0,2.0,0.0,0.0,1.0,18.0
Luis Guillorme,ATL,0.0,1.0,4.0,0.0,0.0,1.0,36.0
Luis Guillorme,LAA,0.0,1.0,1.0,0.0,0.0,2.0,0.0
Joe Jacques*,BOS,2.0,0.0,1.8,0.0,0.0,1.2,5.4
Joe Jacques*,ARI,0.0,1.0,3.0,0.0,0.0,1.1,13.5
Jonathan Bowlan,KCR,3.0,3.0,3.375,0.0,1.0,2.2,13.5
Julio Teheran,NYM,3.0,2.0,3.0,0.0,0.0,2.2,13.5
Rowdy Tellez*,PIT,0.0,1.0,2.25,0.0,0.0,2.2,6.75
John Curtiss,COL,1.0,0.0,2.571,0.0,0.0,2.1,15.43
Parker Dunshee,ATL,3.0,2.0,2.571,0.0,0.0,2.1,19.29
Seth Johnson,PHI,0.0,3.0,4.714,0.0,1.0,2.1,34.71
Ryan Loutos,STL,0.0,1.0,1.286,0.0,0.0,2.1,0.0
Justin Topa,MIN,2.0,0.0,0.429,0.0,0.0,2.1,0.0
Tejay Antone,CIN,2.0,4.0,3.0,0.0,0.0,2.0,4.5
Dylan Dodd*,ATL,2.0,1.0,2.5,0.0,0.0,2.0,9.0
Jake Eder*,CHW,1.0,1.0,1.5,0.0,0.0,2.0,4.5
Ian Gibaut,CIN,1.0,1.0,2.0,0.0,0.0,2.0,4.5
Austin Hedges,CLE,0.0,1.0,0.5,0.0,0.0,2.0,0.0
David Hensley,MIA,0.0,1.0,1.5,0.0,0.0,2.0,9.0
Isiah Kiner-Falefa,TOR,0.0,2.0,1.5,0.0,0.0,2.0,4.5
Zac Kristofak,LAA,2.0,2.0,2.5,0.0,0.0,2.0,0.0
Zach Logue*,LAD,4.0,0.0,3.0,0.0,0.0,2.0,18.0
Zach McKinstry,DET,0.0,1.0,1.0,0.0,0.0,2.0,9.0
Owen Miller,MIL,0.0,1.0,3.0,0.0,0.0,2.0,18.0
Leo Rivas,SEA,0.0,0.0,1.0,0.0,0.0,2.0,0.0
Josh Rojas,SEA,0.0,2.0,1.5,0.0,0.0,2.0,9.0
Ben Rortvedt,TBR,1.0,2.0,2.5,0.0,0.0,2.0,4.5
Alex Speas,HOU,2.0,1.0,1.5,0.0,0.0,2.0,4.5
Jose Trevino,NYY,0.0,2.0,3.5,0.0,0.0,2.0,13.5
Ildemaro Vargas,WSN,0.0,0.0,1.5,0.0,0.0,2.0,4.5
Vidal Bruján,MIA,1.0,3.0,6.0,0.0,0.0,1.2,43.2
Brady Feigl*,PIT,0.0,0.0,4.2,0.0,0.0,1.2,32.4
Eric Orze,NYM,1.0,2.0,3.0,0.0,1.0,1.2,21.6
Willi Castro,MIN,0.0,0.0,0.0,0.0,0.0,1.1,0.0
Brandon Crawford,STL,0.0,2.0,3.75,0.0,0.0,1.1,27.0
Gavin Hollowell,CHC,1.0,0.0,1.5,0.0,0.0,1.1,0.0
Matt Wallner,MIN,0.0,0.0,1.5,0.0,0.0,1.1,0.0
Andrew Wantz,LAA,3.0,1.0,1.5,0.0,0.0,1.1,6.75
Eddy Alvarez,NYM,1.0,0.0,1.0,0.0,0.0,1.0,0.0
Tucker Barnhart,ARI,0.0,0.0,4.0,0.0,0.0,1.0,18.0
David Bote,CHC,0.0,1.0,2.0,0.0,0.0,1.0,0.0
Raymond Burgos*,SFG,1.0,1.0,4.0,0.0,0.0,1.0,9.0
Marc Church,TEX,1.0,0.0,1.0,0.0,0.0,1.0,0.0
Kody Clemens,PHI,0.0,1.0,3.0,0.0,0.0,1.0,9.0
Ernie Clement,TOR,0.0,0.0,2.0,0.0,0.0,1.0,9.0
Dylan Coleman,HOU,1.0,1.0,1.0,0.0,0.0,1.0,0.0
Miguel Díaz,HOU,0.0,0.0,0.0,0.0,0.0,1.0,0.0
Lucas Gilbreath*,COL,0.0,1.0,8.0,0.0,0.0,1.0,54.0
Garrett Hampson,KCR,0.0,0.0,0.0,0.0,0.0,1.0,0.0
Tyler Heineman,TOR,0.0,0.0,1.0,0.0,0.0,1.0,0.0
Aaron Hicks,LAA,0.0,1.0,3.0,0.0,0.0,1.0,18.0
Grae Kessinger,HOU,0.0,0.0,0.0,0.0,0.0,1.0,0.0
Adam Kloffenstein,STL,0.0,0.0,0.0,0.0,0.0,1.0,0.0
Matt Krook*,BAL,2.0,1.0,2.0,0.0,0.0,1.0,18.0
Nick Loftin,KCR,0.0,0.0,1.0,0.0,0.0,1.0,0.0
James McCann,BAL,0.0,0.0,2.0,0.0,0.0,1.0,18.0
James Meeker,MIL,0.0,1.0,2.0,0.0,0.0,1.0,0.0
Danny Mendick,CHW,0.0,0.0,2.0,0.0,0.0,1.0,0.0
Anthony Misiewicz*,NYY,1.0,1.0,3.0,0.0,0.0,1.0,0.0
Nick Pratto*,KCR,1.0,0.0,1.0,0.0,0.0,1.0,0.0
Pablo Reyes,BOS,0.0,1.0,2.0,0.0,0.0,1.0,0.0
Miguel Rojas,LAD,0.0,0.0,1.0,0.0,0.0,1.0,0.0
Andrew Saalfrank*,ARI,0.0,4.0,6.0,0.0,0.0,1.0,36.0
Chasen Shreve*,COL,0.0,0.0,1.0,0.0,0.0,1.0,0.0
Pavin Smith*,ARI,0.0,1.0,1.0,0.0,0.0,1.0,0.0
Michael Stefanic,LAA,0.0,0.0,1.0,0.0,0.0,1.0,0.0
Cole Tucker,LAA,0.0,1.0,2.0,0.0,0.0,1.0,0.0
Donovan Walton,SFG,0.0,0.0,2.0,0.0,0.0,1.0,0.0
Amos Willingham,WSN,1.0,0.0,2.0,0.0,0.0,1.0,18.0
Weston Wilson,PHI,0.0,0.0,1.0,0.0,0.0,1.0,0.0
Mike Yastrzemski*,SFG,0.0,3.0,5.0,0.0,0.0,1.0,18.0
Evan Kravetz*,CIN,0.0,0.0,0.0,0.0,0.0,0.2,0.0
Matt Mervis,CHC,0.0,0.0,10.5,0.0,0.0,0.2,81.0
Luis Ortiz,PHI,0.0,0.0,4.5,0.0,0.0,0.2,27.0
Lyon Richardson,CIN,1.0,1.0,4.5,0.0,0.0,0.2,27.0
Clayton Andrews*,NYY,1.0,0.0,3.0,0.0,0.0,0.1,27.0
Oswaldo Cabrera,NYY,0.0,2.0,6.0,0.0,0.0,0.1,0.0
Blair Henley,HOU,0.0,3.0,21.0,0.0,0.0,0.1,135.0
Evan Justice*,COL,1.0,1.0,3.0,0.0,0.0,0.1,0.0
Matt Koch,COL,0.0,1.0,12.0,0.0,0.0,0.1,81.0
Jhonny Pereda,MIA,0.0,0.0,0.0,0.0,0.0,0.1,0.0
Miguel Sanó,LAA,0.0,0.0,0.0,0.0,0.0,0.1,0.0
Luis Torrens,NYM,0.0,0.0,0.0,0.0,0.0,0.1,0.0
Patrick Wisdom,CHC,0.0,1.0,6.0,0.0,0.0,0.1,0.0
